context_id,replicate,n,tp,tn,fp,fn,present_pred,absent_pred,accuracy,precision_present,recall_present,specificity_absent,false_positive_rate,false_negative_rate,model_mentions
context_0,all,288,72,120,96,0,168,120,0.6666666666666666,0.42857142857142855,1.0,0.5555555555555556,0.4444444444444444,0.0,288
context_0,1,96,24,38,34,0,58,38,0.6458333333333334,0.41379310344827586,1.0,0.5277777777777778,0.4722222222222222,0.0,96
context_0,2,96,24,43,29,0,53,43,0.6979166666666666,0.4528301886792453,1.0,0.5972222222222222,0.4027777777777778,0.0,96
context_0,3,96,24,39,33,0,57,39,0.65625,0.42105263157894735,1.0,0.5416666666666666,0.4583333333333333,0.0,96
