{
  "source_image": "<MATLAB_23C_ROOT>/SavedImages/3DXYZ-Image-2026-05-14-172647.mat",
  "export_mat": "<NV_BRIDGE_ROOT>/status/openclaw_imaging_exports/nv23_aligned_nv_t2star_13c_image172647_20260514_1728/image172647_export.mat",
  "export_json": "<NV_BRIDGE_ROOT>/status/openclaw_imaging_exports/nv23_aligned_nv_t2star_13c_image172647_20260514_1728/image172647_export.json",
  "axis_contract": "ImageData_YXZ(row,col,page): row maps to RangeY, col maps to RangeX, page maps to RangeZ.",
  "axis_order": "YXZ",
  "image_data_units": "kcps",
  "dwell_time_role": "provenance_only_image_data_already_kcps",
  "range_x_um": [
    112.0,
    122.0
  ],
  "range_y_um": [
    110.0,
    120.0
  ],
  "range_z_um": [
    115.0,
    116.0
  ],
  "image_size_yxz": [
    81,
    81,
    2
  ],
  "global_stats_kcps": {
    "min": 0.6,
    "median": 3.5999999999999996,
    "mean": 4.533348574912361,
    "max": 35.4,
    "std": 3.2196885486367157
  },
  "selection_method": "Gaussian sigma=1 smoothing, 13-pixel local median background, 7x7 local maxima, deduplicate peaks within 0.35 um in XY across Z pages; values are already kcps.",
  "candidate_count_raw": 108,
  "top_candidates": [
    {
      "page": 1,
      "z_um": 116.0,
      "row": 58,
      "col": 43,
      "x_um": 117.375,
      "y_um": 117.25,
      "value_kcps": 33.4,
      "smoothed_kcps": 22.74034646726535,
      "local_bg_kcps": 3.8038000571133854,
      "contrast_kcps": 18.936546410151966,
      "robust_snr": 20.662388570265097,
      "plane_median_kcps": 3.5999999999999996,
      "plane_p99_kcps": 18.67999999999993,
      "rank": 1
    },
    {
      "page": 1,
      "z_um": 116.0,
      "row": 58,
      "col": 32,
      "x_um": 116.0,
      "y_um": 117.25,
      "value_kcps": 32.800000000000004,
      "smoothed_kcps": 22.291797108469048,
      "local_bg_kcps": 3.6943210134504056,
      "contrast_kcps": 18.597476095018642,
      "robust_snr": 20.29241600757167,
      "plane_median_kcps": 3.5999999999999996,
      "plane_p99_kcps": 18.67999999999993,
      "rank": 2
    },
    {
      "page": 0,
      "z_um": 115.0,
      "row": 51,
      "col": 20,
      "x_um": 114.5,
      "y_um": 116.375,
      "value_kcps": 33.0,
      "smoothed_kcps": 23.315561900182416,
      "local_bg_kcps": 5.000032317572708,
      "contrast_kcps": 18.31552958260971,
      "robust_snr": 24.288506481924564,
      "plane_median_kcps": 3.8,
      "plane_p99_kcps": 19.079999999999927,
      "rank": 3
    },
    {
      "page": 0,
      "z_um": 115.0,
      "row": 23,
      "col": 8,
      "x_um": 113.0,
      "y_um": 112.875,
      "value_kcps": 27.6,
      "smoothed_kcps": 18.03894410045735,
      "local_bg_kcps": 4.047682583075591,
      "contrast_kcps": 13.991261517381758,
      "robust_snr": 18.55402785502247,
      "plane_median_kcps": 3.8,
      "plane_p99_kcps": 19.079999999999927,
      "rank": 4
    },
    {
      "page": 1,
      "z_um": 116.0,
      "row": 59,
      "col": 59,
      "x_um": 119.375,
      "y_um": 117.375,
      "value_kcps": 31.4,
      "smoothed_kcps": 17.017750677839658,
      "local_bg_kcps": 3.29792358716446,
      "contrast_kcps": 13.719827090675198,
      "robust_snr": 14.97022700572283,
      "plane_median_kcps": 3.5999999999999996,
      "plane_p99_kcps": 18.67999999999993,
      "rank": 5
    },
    {
      "page": 0,
      "z_um": 115.0,
      "row": 21,
      "col": 49,
      "x_um": 118.125,
      "y_um": 112.625,
      "value_kcps": 28.000000000000004,
      "smoothed_kcps": 16.89372328587046,
      "local_bg_kcps": 3.566776920215588,
      "contrast_kcps": 13.326946365654873,
      "robust_snr": 17.673069278532314,
      "plane_median_kcps": 3.8,
      "plane_p99_kcps": 19.079999999999927,
      "rank": 6
    },
    {
      "page": 0,
      "z_um": 115.0,
      "row": 54,
      "col": 10,
      "x_um": 113.25,
      "y_um": 116.75,
      "value_kcps": 26.8,
      "smoothed_kcps": 17.505179169814618,
      "local_bg_kcps": 4.521683391694605,
      "contrast_kcps": 12.983495778120012,
      "robust_snr": 17.21761415320076,
      "plane_median_kcps": 3.8,
      "plane_p99_kcps": 19.079999999999927,
      "rank": 7
    },
    {
      "page": 0,
      "z_um": 115.0,
      "row": 32,
      "col": 22,
      "x_um": 114.75,
      "y_um": 114.0,
      "value_kcps": 24.0,
      "smoothed_kcps": 16.711689223391808,
      "local_bg_kcps": 3.992593506014818,
      "contrast_kcps": 12.719095717376991,
      "robust_snr": 16.866989151602358,
      "plane_median_kcps": 3.8,
      "plane_p99_kcps": 19.079999999999927,
      "rank": 8
    },
    {
      "page": 0,
      "z_um": 115.0,
      "row": 30,
      "col": 37,
      "x_um": 116.625,
      "y_um": 113.75,
      "value_kcps": 26.0,
      "smoothed_kcps": 16.701542115967268,
      "local_bg_kcps": 4.1909749943089984,
      "contrast_kcps": 12.51056712165827,
      "robust_snr": 16.590456162155533,
      "plane_median_kcps": 3.8,
      "plane_p99_kcps": 19.079999999999927,
      "rank": 9
    },
    {
      "page": 1,
      "z_um": 116.0,
      "row": 74,
      "col": 52,
      "x_um": 118.5,
      "y_um": 119.25,
      "value_kcps": 26.6,
      "smoothed_kcps": 17.588097714458513,
      "local_bg_kcps": 5.185274345837111,
      "contrast_kcps": 12.402823368621402,
      "robust_snr": 13.533193976354166,
      "plane_median_kcps": 3.5999999999999996,
      "plane_p99_kcps": 18.67999999999993,
      "rank": 10
    },
    {
      "page": 1,
      "z_um": 116.0,
      "row": 53,
      "col": 51,
      "x_um": 118.375,
      "y_um": 116.625,
      "value_kcps": 23.400000000000002,
      "smoothed_kcps": 16.79162045224028,
      "local_bg_kcps": 4.691677995414446,
      "contrast_kcps": 12.099942456825834,
      "robust_snr": 13.20270905294273,
      "plane_median_kcps": 3.5999999999999996,
      "plane_p99_kcps": 18.67999999999993,
      "rank": 11
    },
    {
      "page": 0,
      "z_um": 115.0,
      "row": 28,
      "col": 63,
      "x_um": 119.875,
      "y_um": 113.5,
      "value_kcps": 23.599999999999998,
      "smoothed_kcps": 15.58819677006938,
      "local_bg_kcps": 4.155067266656237,
      "contrast_kcps": 11.433129503413143,
      "robust_snr": 15.161649506220044,
      "plane_median_kcps": 3.8,
      "plane_p99_kcps": 19.079999999999927,
      "rank": 12
    },
    {
      "page": 0,
      "z_um": 115.0,
      "row": 52,
      "col": 74,
      "x_um": 121.25,
      "y_um": 116.5,
      "value_kcps": 24.4,
      "smoothed_kcps": 15.01585804586103,
      "local_bg_kcps": 3.6071264003818415,
      "contrast_kcps": 11.40873164547919,
      "robust_snr": 15.129295130229925,
      "plane_median_kcps": 3.8,
      "plane_p99_kcps": 19.079999999999927,
      "rank": 13
    },
    {
      "page": 1,
      "z_um": 116.0,
      "row": 18,
      "col": 58,
      "x_um": 119.25,
      "y_um": 112.25,
      "value_kcps": 25.4,
      "smoothed_kcps": 15.269630386943703,
      "local_bg_kcps": 3.8721970741082448,
      "contrast_kcps": 11.397433312835458,
      "robust_snr": 12.43617451211898,
      "plane_median_kcps": 3.5999999999999996,
      "plane_p99_kcps": 18.67999999999993,
      "rank": 14
    },
    {
      "page": 1,
      "z_um": 116.0,
      "row": 34,
      "col": 64,
      "x_um": 120.0,
      "y_um": 114.25,
      "value_kcps": 25.4,
      "smoothed_kcps": 15.410216196126377,
      "local_bg_kcps": 4.016055609809309,
      "contrast_kcps": 11.394160586317067,
      "robust_snr": 12.432603515299256,
      "plane_median_kcps": 3.5999999999999996,
      "plane_p99_kcps": 18.67999999999993,
      "rank": 15
    },
    {
      "page": 0,
      "z_um": 115.0,
      "row": 62,
      "col": 16,
      "x_um": 114.0,
      "y_um": 117.75,
      "value_kcps": 25.0,
      "smoothed_kcps": 14.742299695529715,
      "local_bg_kcps": 3.4225702404698843,
      "contrast_kcps": 11.31972945505983,
      "robust_snr": 15.011267951755183,
      "plane_median_kcps": 3.8,
      "plane_p99_kcps": 19.079999999999927,
      "rank": 16
    },
    {
      "page": 1,