context_id,replicate,n,tp,tn,fp,fn,present_pred,absent_pred,accuracy,precision_present,recall_present,specificity_absent,false_positive_rate,false_negative_rate,model_mentions
context_A,all,288,72,201,15,0,87,201,0.9479166666666666,0.8275862068965517,1.0,0.9305555555555556,0.06944444444444445,0.0,288
context_B,all,288,72,208,8,0,80,208,0.9722222222222222,0.9,1.0,0.9629629629629629,0.037037037037037035,0.0,288
context_A,1,96,24,68,4,0,28,68,0.9583333333333334,0.8571428571428571,1.0,0.9444444444444444,0.05555555555555555,0.0,96
context_A,2,96,24,69,3,0,27,69,0.96875,0.8888888888888888,1.0,0.9583333333333334,0.041666666666666664,0.0,96
context_A,3,96,24,64,8,0,32,64,0.9166666666666666,0.75,1.0,0.8888888888888888,0.1111111111111111,0.0,96
context_B,1,96,24,71,1,0,25,71,0.9895833333333334,0.96,1.0,0.9861111111111112,0.013888888888888888,0.0,96
context_B,2,96,24,68,4,0,28,68,0.9583333333333334,0.8571428571428571,1.0,0.9444444444444444,0.05555555555555555,0.0,96
context_B,3,96,24,69,3,0,27,69,0.96875,0.8888888888888888,1.0,0.9583333333333334,0.041666666666666664,0.0,96
