{
  "source_image": "<MATLAB_23C_ROOT>\\SavedImages\\3DXYZ-Image-2026-05-11-231924.mat",
  "axis_order_contract": "ImageData_YXZ: rows=RangeY, columns=RangeX, pages=RangeZ, produced by claw_normalize_scan_image_axes using RangeX/RangeY/RangeZ lengths",
  "normalization_warnings": [],
  "normalization_blockers": [],
  "selection_method": "max z projection of ImageData_YXZ; gaussian sigma 0.8 minus sigma 6.0 local-emitter score; local maxima thresholded at 95th percentiles; duplicate suppression radius 0.60 um",
  "projection_percentiles_kcps": {
    "50": 4.6,
    "90": 8.0,
    "95": 11.4,
    "99": 19.2,
    "99.5": 22.0,
    "99.9": 26.376000000000207
  },
  "top_candidate_for_trackcenter": {
    "rank": 1,
    "candidate_id": "image231924_c01",
    "x_um": 113.0,
    "y_um": 113.625,
    "z_um": 115.0,
    "ix": 8,
    "iy": 29,
    "iz": 1,
    "peak_kcps": 31.0,
    "projection_peak_kcps": 31.0,
    "dog_score": 18.354701724001696,
    "annulus_median_kcps": 4.3999999999999995,
    "annulus_std_kcps": 1.3506784669801173,
    "local_snr_estimate": 19.693806209688955
  },
  "candidates": [
    {
      "rank": 1,
      "candidate_id": "image231924_c01",
      "x_um": 113.0,
      "y_um": 113.625,
      "z_um": 115.0,
      "ix": 8,
      "iy": 29,
      "iz": 1,
      "peak_kcps": 31.0,
      "projection_peak_kcps": 31.0,
      "dog_score": 18.354701724001696,
      "annulus_median_kcps": 4.3999999999999995,
      "annulus_std_kcps": 1.3506784669801173,
      "local_snr_estimate": 19.693806209688955
    },
    {
      "rank": 2,
      "candidate_id": "image231924_c02",
      "x_um": 113.25,
      "y_um": 117.375,
      "z_um": 115.0,
      "ix": 10,
      "iy": 59,
      "iz": 1,
      "peak_kcps": 32.2,
      "projection_peak_kcps": 32.2,
      "dog_score": 16.526220595776195,
      "annulus_median_kcps": 5.0,
      "annulus_std_kcps": 3.923129653722491,
      "local_snr_estimate": 6.93324014088034
    },
    {
      "rank": 3,
      "candidate_id": "image231924_c03",
      "x_um": 115.25,
      "y_um": 110.0,
      "z_um": 115.0,
      "ix": 26,
      "iy": 0,
      "iz": 1,
      "peak_kcps": 27.400000000000002,
      "projection_peak_kcps": 27.400000000000002,
      "dog_score": 14.600807670610637,
      "annulus_median_kcps": 4.8,
      "annulus_std_kcps": 1.5285712863699858,
      "local_snr_estimate": 14.785048094737462
    },
    {
      "rank": 4,
      "candidate_id": "image231924_c04",
      "x_um": 114.375,
      "y_um": 117.125,
      "z_um": 115.0,
      "ix": 19,
      "iy": 57,
      "iz": 1,
      "peak_kcps": 25.0,
      "projection_peak_kcps": 25.0,
      "dog_score": 13.862796979874018,
      "annulus_median_kcps": 5.0,
      "annulus_std_kcps": 4.440079071278929,
      "local_snr_estimate": 4.504424284888858
    },
    {
      "rank": 5,
      "candidate_id": "image231924_c05",
      "x_um": 115.625,
      "y_um": 112.25,
      "z_um": 115.0,
      "ix": 29,
      "iy": 18,
      "iz": 1,
      "peak_kcps": 26.200000000000003,
      "projection_peak_kcps": 26.200000000000003,
      "dog_score": 12.601684951351267,
      "annulus_median_kcps": 4.8,
      "annulus_std_kcps": 2.5813083825185963,
      "local_snr_estimate": 8.290369386562615
    },
    {
      "rank": 6,
      "candidate_id": "image231924_c06",
      "x_um": 115.5,
      "y_um": 116.625,
      "z_um": 115.0,
      "ix": 28,
      "iy": 53,
      "iz": 1,
      "peak_kcps": 24.6,
      "projection_peak_kcps": 24.6,
      "dog_score": 12.299070053286972,
      "annulus_median_kcps": 4.8,
      "annulus_std_kcps": 3.032015154134482,
      "local_snr_estimate": 6.530310366843068
    },
    {
      "rank": 7,
      "candidate_id": "image231924_c07",
      "x_um": 117.0,
      "y_um": 115.5,
      "z_um": 115.0,
      "ix": 40,
      "iy": 44,
      "iz": 1,
      "peak_kcps": 25.0,
      "projection_peak_kcps": 25.0,
      "dog_score": 11.17341502636395,
      "annulus_median_kcps": 4.6,
      "annulus_std_kcps": 2.6446296672697147,
      "local_snr_estimate": 7.7137454233230995
    },
    {
      "rank": 8,
      "candidate_id": "image231924_c08",
      "x_um": 118.375,
      "y_um": 120.0,
      "z_um": 115.0,
      "ix": 51,
      "iy": 80,
      "iz": 1,
      "peak_kcps": 18.8,
      "projection_peak_kcps": 18.8,
      "dog_score": 11.074590733095864,
      "annulus_median_kcps": 4.699999999999999,
      "annulus_std_kcps": 4.293986162036775,
      "local_snr_estimate": 3.2836621881492642
    },
    {
      "rank": 9,
      "candidate_id": "image231924_c09",
      "x_um": 114.75,
      "y_um": 114.625,
      "z_um": 115.0,
      "ix": 22,
      "iy": 37,
      "iz": 1,
      "peak_kcps": 22.6,
      "projection_peak_kcps": 22.6,
      "dog_score": 10.983053340206808,
      "annulus_median_kcps": 4.6,
      "annulus_std_kcps": 1.6481501549927742,
      "local_snr_estimate": 10.921335009768924
    },
    {
      "rank": 10,
      "candidate_id": "image231924_c10",
      "x_um": 116.125,
      "y_um": 114.0,
      "z_um": 115.0,
      "ix": 33,
      "iy": 32,
      "iz": 1,
      "peak_kcps": 24.0,
      "projection_peak_kcps": 24.0,
      "dog_score": 10.417805411048148,
      "annulus_median_kcps": 4.6,
      "annulus_std_kcps": 2.8136245006014957,
      "local_snr_estimate": 6.895020991236624
    },
    {
      "rank": 11,
      "candidate_id": "image231924_c11",
      "x_um": 114.0,
      "y_um": 118.375,
      "z_um": 115.0,
      "ix": 16,
      "iy": 67,
      "iz": 1,
      "peak_kcps": 23.200000000000003,
      "projection_peak_kcps": 23.200000000000003,
      "dog_score": 10.409065803828131,
      "annulus_median_kcps": 4.3999999999999995,
      "annulus_std_kcps": 3.861094936711835,
      "local_snr_estimate": 4.8690851437963545
    },
    {
      "rank": 12,
      "candidate_id": "image231924_c12",
      "x_um": 113.875,
      "y_um": 116.375,
      "z_um": 114.0,
      "ix": 15,
      "iy": 51,
      "iz": 0,
      "peak_kcps": 22.2,
      "projection_peak_kcps": 22.2,
      "dog_score": 10.268946549967023,
      "annulus_median_kcps": 5.4,
      "annulus_std_kcps": 4.787416029263893,
      "local_snr_estimate": 3.5091999303586623
    },
    {
      "rank": 13,
      "candidate_id": "image231924_c13",
      "x_um": 114.375,
      "y_um": 113.375,
      "z_um": 115.0,
      "ix": 19,
      "iy": 27,
      "iz": 1,
      "peak_kcps": 18.8,
      "projection_peak_kcps": 18.8,
      "dog_score": 10.220795904296326,
      "annulus_median_kcps": 4.699999999999999,
      "annulus_std_kcps": 2.733483058406094,
      "local_snr_estimate": 5.158254027395919
    },
    {
      "rank": 14,
      "candidate_id": "image231924_c14",
      "x_um": 119.125,
      "y_um": 119.875,
      "z_um": 115.0,
      "ix": 57,
      "iy": 79,
      "iz": 1,
      "peak_kcps": 23.200000000000003,
      "projection_peak_kcps": 23.200000000000003,
      "dog_score": 10.1799071392059,
      "annulus_median_kcps": 4.3999999999999995,
      "annulus_std_kcps": 3.782428762969473,
      "local_snr_estimate": 4.970351372928523
    },
    {
      "rank": 15,
      "candidate_id": "image231924_c15",
      "x_um": 113.75,
      "y_um": 110.25,
      "z_um": 115.0,
      "ix": 14,
      "iy": 2,
      "iz": 1,
      "peak_kcps": 22.6,
      "projection_peak_kcps": 22.6,
      "dog_score": 10.10761154022746,
      "annulus_median_kcps": 4.6,
      "annulus_std_kcps": 1.027107264765143,
      "local_snr_estimate": 17.524946614598147
    },
    {
      "rank": 16,
      "candidate_id": "image231924_c16",
      "x_um": 118.875,
      "y_um": 111.625,
      "z_um": 114.0,
      "ix": 55,
      "iy": 13,
      "iz": 0,
      "peak_kcps": 19.2,
      "projection_peak_kcps": 19.2,
      "dog_score": 9.97850539599979,
      "annulus_median_kcps": 4.6,
      "annulus_std_kcps": 0.9241664551565528,
      "local_snr_estimate": 15.798019829370192
    },
    {
      "rank": 17,
      "candidate_id": "image231924_c17",
      "x_um": 120.0,
      "y_um": 110.5,
      "z_um": 115.0,
      "ix": 64,