{
  "source_image": "<NV_BRIDGE_ROOT>/status/openclaw_imaging/image172647_reimage_original_region_20260514_1804_nv23_20260514_180905645.mat",
  "export_mat": "<NV_BRIDGE_ROOT>/status/openclaw_imaging_exports/nv23_aligned_nv_t2star_13c_image172647_20260514_1728/image172647_reimage1804_export.mat",
  "export_json": "<NV_BRIDGE_ROOT>/status/openclaw_imaging_exports/nv23_aligned_nv_t2star_13c_image172647_20260514_1728/image172647_reimage1804_export.json",
  "axis_contract": "ImageData_YXZ(row,col,page): row maps to RangeY, col maps to RangeX, page maps to RangeZ.",
  "axis_order": "YXZ",
  "image_data_units": "kcps",
  "dwell_time_role": "provenance_only_image_data_already_kcps",
  "range_x_um": [
    112.0,
    122.0
  ],
  "range_y_um": [
    110.0,
    120.0
  ],
  "range_z_um": [
    115.0,
    116.0
  ],
  "image_size_yxz": [
    81,
    81,
    2
  ],
  "global_stats_kcps": {
    "min": 0.8,
    "median": 3.5999999999999996,
    "mean": 4.450190519737845,
    "max": 40.2,
    "std": 3.2524913893891636
  },
  "selection_method": "Gaussian sigma=1 smoothing, 13-pixel local median background, 7x7 local maxima, deduplicate peaks within 0.35 um XY across Z pages; explicit ImageData_YXZ axis contract; values are already kcps.",
  "candidate_count_raw": 65,
  "top_candidates": [
    {
      "page": 1,
      "z_um": 116.0,
      "row": 59,
      "col": 32,
      "x_um": 116.0,
      "y_um": 117.375,
      "value_kcps": 40.2,
      "smoothed_kcps": 23.082110147171626,
      "local_bg_kcps": 3.5773061280059615,
      "contrast_kcps": 19.504804019165665,
      "robust_snr": 16.444762581546687,
      "plane_median_kcps": 3.4000000000000004,
      "plane_p99_kcps": 19.279999999999927,
      "rank": 1
    },
    {
      "page": 1,
      "z_um": 116.0,
      "row": 58,
      "col": 43,
      "x_um": 117.375,
      "y_um": 117.25,
      "value_kcps": 37.2,
      "smoothed_kcps": 22.433235105567483,
      "local_bg_kcps": 3.5610978216225724,
      "contrast_kcps": 18.872137283944912,
      "robust_snr": 15.911352748578135,
      "plane_median_kcps": 3.4000000000000004,
      "plane_p99_kcps": 19.279999999999927,
      "rank": 2
    },
    {
      "page": 0,
      "z_um": 115.0,
      "row": 51,
      "col": 20,
      "x_um": 114.5,
      "y_um": 116.375,
      "value_kcps": 37.0,
      "smoothed_kcps": 23.515626887720053,
      "local_bg_kcps": 4.675920828744099,
      "contrast_kcps": 18.839706058975956,
      "robust_snr": 15.884009546651122,
      "plane_median_kcps": 3.5999999999999996,
      "plane_p99_kcps": 20.0,
      "rank": 3
    },
    {
      "page": 0,
      "z_um": 115.0,
      "row": 28,
      "col": 63,
      "x_um": 119.875,
      "y_um": 113.5,
      "value_kcps": 29.2,
      "smoothed_kcps": 17.57742825871129,
      "local_bg_kcps": 4.172516121393611,
      "contrast_kcps": 13.40491213731768,
      "robust_snr": 11.301861700741796,
      "plane_median_kcps": 3.5999999999999996,
      "plane_p99_kcps": 20.0,
      "rank": 4
    },
    {
      "page": 0,
      "z_um": 115.0,
      "row": 80,
      "col": 32,
      "x_um": 116.0,
      "y_um": 120.0,
      "value_kcps": 26.400000000000002,
      "smoothed_kcps": 16.70019525638789,
      "local_bg_kcps": 3.749007309610925,
      "contrast_kcps": 12.951187946776965,
      "robust_snr": 10.919320733725934,
      "plane_median_kcps": 3.5999999999999996,
      "plane_p99_kcps": 20.0,
      "rank": 5
    },
    {
      "page": 0,
      "z_um": 115.0,
      "row": 24,
      "col": 8,
      "x_um": 113.0,
      "y_um": 113.0,
      "value_kcps": 23.799999999999997,
      "smoothed_kcps": 16.68331770481119,
      "local_bg_kcps": 3.826951373546292,
      "contrast_kcps": 12.8563663312649,
      "robust_snr": 10.839375354466423,
      "plane_median_kcps": 3.5999999999999996,
      "plane_p99_kcps": 20.0,
      "rank": 6
    },
    {
      "page": 0,
      "z_um": 115.0,
      "row": 32,
      "col": 23,
      "x_um": 114.875,
      "y_um": 114.0,
      "value_kcps": 27.400000000000002,
      "smoothed_kcps": 16.699865584489135,
      "local_bg_kcps": 3.9876509392711115,
      "contrast_kcps": 12.712214645218024,
      "robust_snr": 10.717839129316905,
      "plane_median_kcps": 3.5999999999999996,
      "plane_p99_kcps": 20.0,
      "rank": 7
    },
    {
      "page": 1,
      "z_um": 116.0,
      "row": 59,
      "col": 59,
      "x_um": 119.375,
      "y_um": 117.375,
      "value_kcps": 23.599999999999998,
      "smoothed_kcps": 15.917928508241356,
      "local_bg_kcps": 3.26280857295259,
      "contrast_kcps": 12.655119935288766,
      "robust_snr": 10.669701811529627,
      "plane_median_kcps": 3.4000000000000004,
      "plane_p99_kcps": 19.279999999999927,
      "rank": 8
    },
    {
      "page": 0,
      "z_um": 115.0,
      "row": 30,
      "col": 37,
      "x_um": 116.625,
      "y_um": 113.75,
      "value_kcps": 21.8,
      "smoothed_kcps": 16.74094761798726,
      "local_bg_kcps": 4.272558969627696,
      "contrast_kcps": 12.468388648359564,
      "robust_snr": 10.512266152238727,
      "plane_median_kcps": 3.5999999999999996,
      "plane_p99_kcps": 20.0,
      "rank": 9
    },
    {
      "page": 1,
      "z_um": 116.0,
      "row": 53,
      "col": 51,
      "x_um": 118.375,
      "y_um": 116.625,
      "value_kcps": 22.8,
      "smoothed_kcps": 16.717315296459702,
      "local_bg_kcps": 4.430788421293816,
      "contrast_kcps": 12.286526875165887,
      "robust_snr": 10.358936045466535,
      "plane_median_kcps": 3.4000000000000004,
      "plane_p99_kcps": 19.279999999999927,
      "rank": 10
    },
    {
      "page": 1,
      "z_um": 116.0,
      "row": 75,
      "col": 52,
      "x_um": 118.5,
      "y_um": 119.375,
      "value_kcps": 27.400000000000002,
      "smoothed_kcps": 17.262156211279617,
      "local_bg_kcps": 5.0735239052074474,
      "contrast_kcps": 12.188632306072169,
      "robust_snr": 10.276399817715301,
      "plane_median_kcps": 3.4000000000000004,
      "plane_p99_kcps": 19.279999999999927,
      "rank": 11
    },
    {
      "page": 0,
      "z_um": 115.0,
      "row": 77,
      "col": 47,
      "x_um": 117.875,
      "y_um": 119.625,
      "value_kcps": 25.8,
      "smoothed_kcps": 16.366418941255336,
      "local_bg_kcps": 4.23280880935488,
      "contrast_kcps": 12.133610131900456,
      "robust_snr": 10.23000988269801,
      "plane_median_kcps": 3.5999999999999996,
      "plane_p99_kcps": 20.0,
      "rank": 12
    },
    {
      "page": 1,
      "z_um": 116.0,
      "row": 8,
      "col": 58,
      "x_um": 119.25,
      "y_um": 111.0,
      "value_kcps": 18.2,
      "smoothed_kcps": 17.498284564623262,
      "local_bg_kcps": 5.446138314805936,
      "contrast_kcps": 12.052146249817326,
      "robust_snr": 10.161326588135704,
      "plane_median_kcps": 3.4000000000000004,
      "plane_p99_kcps": 19.279999999999927,
      "rank": 13
    },
    {
      "page": 0,
      "z_um": 115.0,
      "row": 76,
      "col": 0,
      "x_um": 112.0,
      "y_um": 119.5,
      "value_kcps": 30.8,
      "smoothed_kcps": 18.800205835512358,
      "local_bg_kcps": 6.963162146893474,
      "contrast_kcps": 11.837043688618884,
      "robust_snr": 9.979970725953496,
      "plane_median_kcps": 3.5999999999999996,
      "plane_p99_kcps": 20.0,
      "rank": 14
    },
    {
      "page": 1,
      "z_um": 116.0,
      "row": 19,
      "col": 59,
      "x_um": 119.375,
      "y_um": 112.375,
      "value_kcps": 24.6,
      "smoothed_kcps": 15.455233480881041,
      "local_bg_kcps": 3.7850832373548524,
      "contrast_kcps": 11.670150243526189,
      "robust_snr": 9.839260617906824,
      "plane_median_kcps": 3.4000000000000004,
      "plane_p99_kcps": 19.279999999999927,
      "rank": 15
    },
    {
      "page": 0,
      "z_um": 115.0,
      "row": 5,
      "col": 68,
      "x_um": 120.5,
      "y_um": 110.625,
      "value_kcps": 27.800000000000004,
      "smoothed_kcps": 15.913527716440225,
      "local_bg_kcps": 4.289180167489413,
      "contrast_kcps": 11.624347548950812,