context_id,replicate,n,tp,tn,fp,fn,present_pred,absent_pred,accuracy,precision_present,recall_present,specificity_absent,false_positive_rate,false_negative_rate,model_mentions
context_0,all,288,72,145,71,0,143,145,0.7534722222222222,0.5034965034965035,1.0,0.6712962962962963,0.3287037037037037,0.0,288
context_0,1,96,24,47,25,0,49,47,0.7395833333333334,0.4897959183673469,1.0,0.6527777777777778,0.3472222222222222,0.0,96
context_0,2,96,24,50,22,0,46,50,0.7708333333333334,0.5217391304347826,1.0,0.6944444444444444,0.3055555555555556,0.0,96
context_0,3,96,24,48,24,0,48,48,0.75,0.5,1.0,0.6666666666666666,0.3333333333333333,0.0,96
