context_id,replicate,n,tp,tn,fp,fn,present_pred,absent_pred,accuracy,precision_present,recall_present,specificity_absent,false_positive_rate,false_negative_rate,model_mentions
context_A,all,288,72,202,14,0,86,202,0.9513888888888888,0.8372093023255814,1.0,0.9351851851851852,0.06481481481481481,0.0,288
context_B,all,288,72,215,1,0,73,215,0.9965277777777778,0.9863013698630136,1.0,0.9953703703703703,0.004629629629629629,0.0,288
context_A,1,96,24,67,5,0,29,67,0.9479166666666666,0.8275862068965517,1.0,0.9305555555555556,0.06944444444444445,0.0,96
context_A,2,96,24,67,5,0,29,67,0.9479166666666666,0.8275862068965517,1.0,0.9305555555555556,0.06944444444444445,0.0,96
context_A,3,96,24,68,4,0,28,68,0.9583333333333334,0.8571428571428571,1.0,0.9444444444444444,0.05555555555555555,0.0,96
context_B,1,96,24,71,1,0,25,71,0.9895833333333334,0.96,1.0,0.9861111111111112,0.013888888888888888,0.0,96
context_B,2,96,24,72,0,0,24,72,1.0,1.0,1.0,1.0,0.0,0.0,96
context_B,3,96,24,72,0,0,24,72,1.0,1.0,1.0,1.0,0.0,0.0,96
