context_id,replicate,n,tp,tn,fp,fn,present_pred,absent_pred,accuracy,precision_present,recall_present,specificity_absent,false_positive_rate,false_negative_rate,model_mentions
context_A,all,288,72,196,20,0,92,196,0.9305555555555556,0.782608695652174,1.0,0.9074074074074074,0.09259259259259259,0.0,288
context_B,all,288,72,215,1,0,73,215,0.9965277777777778,0.9863013698630136,1.0,0.9953703703703703,0.004629629629629629,0.0,288
context_A,1,96,24,64,8,0,32,64,0.9166666666666666,0.75,1.0,0.8888888888888888,0.1111111111111111,0.0,96
context_A,2,96,24,66,6,0,30,66,0.9375,0.8,1.0,0.9166666666666666,0.08333333333333333,0.0,96
context_A,3,96,24,66,6,0,30,66,0.9375,0.8,1.0,0.9166666666666666,0.08333333333333333,0.0,96
context_B,1,96,24,72,0,0,24,72,1.0,1.0,1.0,1.0,0.0,0.0,96
context_B,2,96,24,71,1,0,25,71,0.9895833333333334,0.96,1.0,0.9861111111111112,0.013888888888888888,0.0,96
context_B,3,96,24,72,0,0,24,72,1.0,1.0,1.0,1.0,0.0,0.0,96
