context_id,replicate,n,tp,tn,fp,fn,present_pred,absent_pred,accuracy,precision_present,recall_present,specificity_absent,false_positive_rate,false_negative_rate,model_mentions
context_0,all,288,72,101,115,0,187,101,0.6006944444444444,0.3850267379679144,1.0,0.4675925925925926,0.5324074074074074,0.0,288
context_0,1,96,24,34,38,0,62,34,0.6041666666666666,0.3870967741935484,1.0,0.4722222222222222,0.5277777777777778,0.0,96
context_0,2,96,24,37,35,0,59,37,0.6354166666666666,0.4067796610169492,1.0,0.5138888888888888,0.4861111111111111,0.0,96
context_0,3,96,24,30,42,0,66,30,0.5625,0.36363636363636365,1.0,0.4166666666666667,0.5833333333333334,0.0,96
