context_id,replicate,n,tp,tn,fp,fn,present_pred,absent_pred,accuracy,precision_present,recall_present,specificity_absent,false_positive_rate,false_negative_rate,model_mentions
context_0,all,288,72,184,32,0,104,184,0.8888888888888888,0.6923076923076923,1.0,0.8518518518518519,0.14814814814814814,0.0,288
context_0,1,96,24,61,11,0,35,61,0.8854166666666666,0.6857142857142857,1.0,0.8472222222222222,0.1527777777777778,0.0,96
context_0,2,96,24,64,8,0,32,64,0.9166666666666666,0.75,1.0,0.8888888888888888,0.1111111111111111,0.0,96
context_0,3,96,24,59,13,0,37,59,0.8645833333333334,0.6486486486486487,1.0,0.8194444444444444,0.18055555555555555,0.0,96
